,Generated Text,Actual Text
0,ikigai unlocks power generative ai tabular data enable business users connect disparate data leverage nocode aiml build enterprisewide ai apps clicks. The ikigai platform unlocks power generative ai tabular data enable business users connect disparate data across disparate data and leverage nocode aiml to build enterprise-wide ai apps clicks.,"Built upon years of MIT research, Ikigai is a generative AI platform for tabular and time series data. It helps operational teams make faster, better decisions under uncertainty and works with any data: structured or unstructured"
1,"adobes is changing the world digital experiences. We empower people to create beautiful powerful images and videos that transform companies across every screen. We are committed to creating exceptional employee experiences for everyone from emerging artists to global brands. We give everyone from emerging artists to global brands everything they need design deliver exceptional digital experiences passionately empowering people to create beautiful, powerful images and video apps that transform businesses across every screen. Our mission is to make it easier for everyone to create amazing digital experiences. We believe in giving everyone what they need—from emerging artists","Adobe is the global leader in digital media and digital marketing solutions. Our creative, marketing and document solutions empower everyone – from emerging artists to global brands – to bring digital creations to life and deliver immersive, compelling experiences to the right person"
2,"is the world's leading electric load forecasting and analytics company. We deliver safe, secure energy homes communities businesses people need us to connect people with their energy needs. Our track record puts us at an unparalleled position to shape a sustainable future. We are committed to helping our customers reduce costs and increase efficiency by providing smarter energy delivery solutions. Our data scientists work with utilities across the nation to help them meet their energy needs. Our team of experts delivers reliable electricity to homes, communities and businesses every day. Our expertise in power generation brings you peace of mind","National Grid lies at the heart of a transforming energy system. Our business areas play a vital role in connecting millions of people to the energy they use, while continually seeking ways to make the energy system clean, fair, and affordable."
3,"Adobes is changing the way we interact with customers across every screen. We empower people to create beautiful powerful images and videos that transform companies across every screen. We are committed to creating exceptional digital experiences for everyone, from emerging artists to global brands. We give everyone everything they need — from emerging artists to global brands—to deliver exceptional digital experiences. Our mission is to empower people to create compelling images and videos that transform businesses across every screen. We provide unparalleled digital experiences by empowering people to create stunning images and apps that transform lives. We believe in","Adobe is the global leader in digital media and digital marketing solutions. Our creative, marketing and document solutions empower everyone – from emerging artists to global brands – to bring digital creations to life and deliver immersive, compelling experiences to the right person"
4,"is a dynamic team of data scientists who are expected to help develop and deploy data science models at scale using latest industry tools. Their role is embedded inside vibrant team of data scientists that will help build prototypes, test metrics, and deliver predictive analytics on the ground up. They will be responsible for building high-performance business models with advanced analytics and machine learning algorithms. This includes AI, cloud computing, and artificial intelligence.","Intuit is a global technology platform that helps our customers and communities overcome their most important financial challenges. Serving millions of customers worldwide with TurboTax, QuickBooks, Credit Karma and Mailchimp, we believe that everyone should"
5,": netflix is one of the worlds leading entertainment services with over a million paid memberships in more than 100 countries enjoying TV series films games across a wide variety of genres and languages. Members play, pause and resume watching much want anytime anywhere. Our new tier allows us to attract new members lower price point also creating compelling paths for advertisers to reach deeply engaged audiences.","Netflix is one of the world's leading entertainment services, with over 300 million paid memberships in over 190 countries enjoying TV series, films and games across a wide variety of genres and languages. Members can play, pause and"
6,"qualtrics creates software worlds best brands use to deliver exceptional frontline experiences build highperforming teams design products people love platformwe creators stewards experience management category serving k clients globally building category takes grit determination disdain convention but requires closeknit highfunctioning teams with unwavering dedication to serve customers. We are the only company in the world that builds software and delivers unparalleled frontline experiences. We help businesses grow faster, better and more productively. We empower our employees to be leaders by creating solutions","At Qualtrics, we create software the world’s best brands use to deliver exceptional frontline experiences, build high-performing teams, and design products people love. But we are more than a platform—we are the creators"
7,"Snapchat is the world’s leading augmented reality platform that empowers people to express live moment learn world fun together. The company believes camera presents the greatest opportunity to improve the way people live communicate. We believe cameras present the greatest opportunity to improve the way people live, communicate and communicate. Our three core products enable people to express their emotions without pressure by empowering them to express their feelings in real time.","Snap is a technology company. We believe the camera presents the greatest opportunity to improve the way people live and communicate. Snap contributes to human progress by empowering people to express themselves, live in the moment, learn about the world, and"
8,"irvine, California is located at the University of California, Irvine. Our mission is to develop and implement novel machine learning algorithms solving trailblazing problems developing new space economy including limited computer vision edge processing data fusion nonlinear dynamical systems probabilistic statistical modeling",Unleashing Mankind's Galactic Destiny *we build DROIDs and STARFIRE https://x.com/TurionSpace https://www.youtube.com/@TURIONSPACE
9,"focuses on’s: cupertino ca duration year contract long term extensions. Location Cupertino ca duration year contract long term extensions. Machine learning engineer specializing in multilanguage llms generative ai join channel sales operations team to help scale content translation efforts across various formats and formats. Our mission is to enable seamless multilingual support across multiple formats and languages. We are the world’s leading machine learning company with over 30 years of experience, providing unparalleled customer service through automated pipelines,","Technology is our focus and quality is our commitment. As a national expert in delivering flexible technology and talent solutions, we strategically align industry and technical expertise with our clients’ business objectives and cultural needs. Our solutions are tailored to each client and"
10,: We are a global leader in power tools that we use every day. Our technology solutions push boundaries and empower people to be true selves together building better tomorrow. We believe innovation is the driving force behind all of our products and services. We focus on providing best candidate experience across open jobs within month period.,"Established in 1974 as a subsidiary of Samsung Electronics, we’re proud to be recognized as one of the leading chip manufacturers in the world. Using our knowledge in semiconductor technology, our ambition is to spark the imagination of device manufacturers with"
11,": walmart is a doas company that generates revenue advertising and works towards building massive business fund mission display ads. Our services enable advertisers to efficiently capture user engagement, minimize costs and maximize conversions. We leverage machine learning models to incorporate advertisers goals into our bid recommendation systems.",Walmart has a long history of transforming retail and using technology to deliver innovations that improve how the world shops and empower our 2.1 million associates. It began with Sam Walton and continues today with Global Tech associates working together to power
12,"Adobe is changing the way we interact with customers across every screen. We empower people to create beautiful powerful images and videos that transform companies through digital experiences. Our mission is to give everyone from emerging artists to global brands everything they need to deliver exceptional digital experiences. We empower people to create beautiful, powerful images and videos that transform lives across every screen. We are committed to empowering people to create beautiful, powerful images and videos that transform businesses across every screen. We believe in giving everyone access to equal opportunity. We make it easy for everyone—from emerging artists","Adobe is the global leader in digital media and digital marketing solutions. Our creative, marketing and document solutions empower everyone – from emerging artists to global brands – to bring digital creations to life and deliver immersive, compelling experiences to the right person"
13,"samsung ads is the world's leading advertising technology company. We are committed to connecting people with brands and devices exposed to digital media using industry-leading data, build worlds smartest advertising platform, and build world's smartest advertising platform.","Headquartered in Ridgefield Park, N.J., Samsung Electronics America, Inc. (SEA) pushes beyond the limits of today’s technology to provide groundbreaking connected experiences across its large portfolio of products and services,"
14,"r is built to ensure you never miss an appointment. We make it easy for anyone to find a doctor, send faxes, and get better results faster. Our doctors handwritten notes are often converted to pdfs or handwritten notes.","VOIZ is a tele-jobs marketplace. We get tele-jobs done for small, medium and large companies on a fully outsourced model. VOIZ has 25K active WFH agents and has"
15,"a small dynamic team of software engineers and data scientists bring machine learning models to codebase integrate seamlessly into products. This role offers exciting opportunity shape future technology stack make significant impact. We are committed to building cuttingedge machine learning solutions that enhance product offerings by bringing cutting edge technologies to the marketplace. Our teams work with customers, partners, and vendors to help them understand their business needs.","Substack is a new media app that connects you with the creators, ideas, and communities you care about most. Founded in 2017, Substack is building a new economic engine for culture by putting publishers"
16,"gleanwere is the world's leading AI platform that connects people and technology to make it work faster, more humane. We believe AI fundamentally transforms how people work. We build AI assistants that find knowledge and synthesize information to execute work assistants that empower people to focus on higher-level creative aspects of their work. We build system intelligence for every company from start-ups to Fortune 500 companies. We are building an AI ecosystem that helps people work faster, more efficiently and more effectively. Our AI solutions help people","Work AI for all. The Work AI platform connected to all your data. Find, create, and automate anything."
17,"is a fastgrowing venturebacked startup building cuttingedge ai solutions for private equity firms and portfolio companies across technology, media, fashion and sports. Our team moves fast collaborates closely thrives solving tough problems with real impact. We build the world's fastest growing venturebacked startup building cutting edge ai solutions for media, media, entertainment and more. Move fast is a fastgrowing venture-backed startup building cutting edge AI solutions for media, media, fashion and sports. We are committed to creating an environment where people thrive on innovation.","FORE empowers operations leaders with data and analytics to pinpoint challenges across operations and performance. Then, align with key stakeholders by demonstrating these opportunities with objective, quantifiable reasoning. Skip the IT headache, directly to insights about your"
18,dim is a game product design and ecommerce company. We help hundreds of game product design and ecommerce companies accelerate asset production pipelines daily work. We support one of the top games times well largest ecommerce platforms.,Kaedim's machine learning and in-house art team combine to deliver production-quality assets in minutes. Kaedim specialises in developing cutting-edge Machine Learning algorithms for transforming images into digital 3D models. Our
19,"etsy is the world's leading marketplace for creative goods and services that connect millions of entrepreneurs and millions of buyers around the world. We are committed to connecting people, businesses and consumers through our unique digital products and services. Our employees work with passionate coworkers making a positive impact on their lives.","Etsy is the global marketplace for unique and creative goods. We build, power, and evolve the tools and technologies that connect millions of entrepreneurs with millions of buyers around the world. Etsy Inc. employees – whether a team"
20,": tiktok is the world's leading destination for short-form video. Our platform is built to help imaginations thrive. This is doubly true of the teams that make TikTok possible. Our employees lead with curiosity and curiosity, our mission is to inspire creativity and bring joy. We are committed to helping imaginations thrive. That's doubly true of the teams that make TikTok possible. Our employees work hard to achieve their goals. Our employees live in an environment where they can connect with people who share stories","TikTok is the world's leading destination for short-form video. Our platform is built to help imaginations thrive. This is doubly true of the teams that make TikTok possible. Our employees lead with curiosity,"
21,": tiktok is the world's leading destination for short-form video. Our platform is built to help imaginations thrive. This is doubly true of the teams that make TikTok possible. Our employees lead with curiosity and curiosity, our mission is to inspire creativity and bring joy. We are committed to helping imaginations thrive. That's doubly true of the teams that make TikTok possible. Our employees work hard to achieve their goals. Our employees live in an environment where they can connect with people who share stories","TikTok is the world's leading destination for short-form video. Our platform is built to help imaginations thrive. This is doubly true of the teams that make TikTok possible. Our employees lead with curiosity,"
22,: Skyline Fuels revolutionized the way fuel marketers price fuel by eliminating manual processes and reducing time to execute fuel price changes accurately. Our products have revolutionized how fuel retailers price fuel with realtime data eliminating manual processes and decreasing time takes to execute fuel price changes accurately. Our product offerings help fuel retailers increase profitability significantly. We helped fuel retailers across the country increase profitability significantly.,"Skyline Products manufactures electronic price signs and transportation systems that are Designed to be Bold, Engineered to Last. Since 1970, Skyline has invested heavily in research and development to create the most legible and reliable price signs and"
23,"Equilibrium Energy is revolutionizing clean energy transition developing innovative gridscale energy storage solutions technology market platform helps utilities, independent power producers and commercial customers optimize renewable energy assets to improve grid reliability accelerate decarbonization fastgrowing climate tech company building infrastructure shape future energy markets. Equilibrium Energy is revolutionizing clean energy transition by developing innovative gridscale energy storage solutions that help utilities and utility customers maximize renewable energy assets to increase grid reliability and reduce carbon emissions. We are a well-funded series b clean energy startup backed by prominent institutional investors. We are building infrastructure","Equilibrium is the leader in energy portfolio optimization capabilities and services for the power industry. Equilibrium's Augmented Intelligence Platform (""EQ AI"") leverages AI-powered capabilities to help power companies and corporations unlock the full potential"
24,"etsy is the world's leading marketplace for creative goods and services that connect millions of entrepreneurs and millions of buyers around the world. We are committed to connecting people, businesses and consumers through technology. Our employees make an impact by solving unique largescale problems alongside passionate coworkers making a meaningful impact keeping commerce humansalary range what’s roleetsy is hiring senior machine learning engineer risk join risk engineering organization team to build advanced scalable ml technologies that detect and prevent fraud.","Etsy is the global marketplace for unique and creative goods. We build, power, and evolve the tools and technologies that connect millions of entrepreneurs with millions of buyers around the world. Etsy Inc. employees – whether a team"
25,xperiencops inc is an innovative company that seeks talented experienced machine learning engineers to leverage graph databases to solve complex business problems. We are committed to building the most efficient data retrieval platform for our customers. Our team of experts will help you understand complex datasets and extract meaningful insights from them.,"We believe in ITOps teams. Processes are broken, not people. We clean up the chaos with observability and runbook automation built for ITOps. Merged into a single modern platform, working together"
26,"including edge processing data fusion probabilistic statistical modeling. Our mission spans various domains including computer vision edge processing data fusion and probabilistic statistical modeling. Our team is focused on developing and implementing advanced machine learning algorithms to solve complex problems that evolve space economy. Our efforts span various domains including computer vision, edge processing data fusion and probabilistic statistical modeling. Our engineers are dedicated to creating the most reliable and efficient solutions for end-users. We work with end-users to deliver cuttingedge technology by integrating AI into existing systems","We believe in the evolution of knowledge and the progression of people - it is so core to our business, it's the meaning of our name: EVO - to evolve, ONA - people. EVONA Group brings"
27,": Covar is a small aiml rampd software company that uses artificial intelligence to solve realworld problems. We help dod detect enemies threats, help biomedical researchers find new cures for diseases, and monitor machinery to prevent accidents. Our team of passionate engineers are dedicated to pushing bounds towards the goall real world. We use machine learning algorithms to solve realworld customer problems.","CoVar is a leader in machine learning and artificial intelligence solutions. We create customized algorithms that are revolutionizing problem-solving for defense, healthcare, and industry. See how our machine learning and software technologies can change the paradigm for your"
28,", millions of people use americas rewards app earning rewards buying brands love whole lot whether shopping grocery aisle or grabbing bite drivethrough playing favorite mobile game fetch empowers consumers to live rewarded throughout day date delivered billion rewards earned million fivestar reviews happy users believe fetch invests softbank univision and hamilton lane partnerships ranging from challenger brands to Fortune companies.","Fetch, America's Rewards App, empowers consumers to Live Rewarded and helps brands create lifelong customers through the power of Fetch Points. Fetch has sweeping visibility into what consumers buy, capturing more than $179"
29,": netflix is one of the worlds leading entertainment services. With over a million paid memberships in over 50 countries enjoying TV series films games across a wide variety of genres and languages members can play, pause and resume watching anytime anywhere. The observability team provides platform suite products that enable netflix engineers to monitor service behavior real time detect system health anomalies troubleshoot issues and improve customer experience. Our goal is to be the world's leading entertainment services with more than 100 million paid memberships in over 30 million paid memberships","Netflix is one of the world's leading entertainment services, with over 300 million paid memberships in over 190 countries enjoying TV series, films and games across a wide variety of genres and languages. Members can play, pause and"
30,"eve is the leading legal tech company in the world, empowering plaintiff attorneys with AI-driven solutions to achieve better outcomes for clients. Our platform empowers plaintiff lawyers case work by leveraging advanced ai models and scaled operated software rather than armies people. Our mission is to transform the way legal industry operates by empowering plaintiff lawyers through our technology. We are committed to providing tools that transform the way law firms operate. Our team of experts has grown from small startups to Fortune 500 companies.",Eve optimizes your casework from intake to resolution. Seamlessly integrate an AI case assistant that optimizes your firm into an AI-native powerhouse - securely and responsibly.
31,"Upstartupstart is the world's leading ai lending marketplace partnering banks and credit unions to expand access affordable credit by leveraging upstartpowered banks and credit unions. Our customers demand borrowers approved instantly with zero documentation uploadupstart means upstarters live work anywhere in the united states however we also have offices in San Mateo, Calif.","Upstart (NASDAQ: UPST) is the leading AI lending marketplace, connecting millions of consumers to more than 100 banks and credit unions that leverage Upstart’s AI models and cloud applications to deliver superior credit products. With Upstart AI"
32,"Adobes is changing the way we interact with customers across every screen. We empower everyone from emerging artists to global brands by empowering people to create beautiful, powerful images and videos that transform lives across every screen. We are committed to creating exceptional digital experiences for everyone. Our employees have access to equal opportunity and access to unparalleled digital experiences. We provide everything from emerging artists to global brands—from emerging artists to global brands—with our innovative digital experiences. We give everyone from emerging artists to global brands—all things need design. We deliver exceptional digital experiences","Adobe is the global leader in digital media and digital marketing solutions. Our creative, marketing and document solutions empower everyone – from emerging artists to global brands – to bring digital creations to life and deliver immersive, compelling experiences to the right person"
33,"we operate amazons large scale energy nimble startup. We operate Amazons largest scale energy company with a mission to advance accuracy, efficiency and artificial general intelligence. We are looking for talented people who can help us improve our customers' lives by improving the way we do business. Our team is committed to helping you achieve your goals. We work closely with industry experts to ensure that our models meet customer needs and deliver value. We have built a strong pipeline of qualified employees across multiple industries. We provide high-quality services through AI. We offer global","Amazon is guided by four principles: customer obsession rather than competitor focus, passion for invention, commitment to operational excellence, and long-term thinking. We are driven by the excitement of building technologies, inventing products, and providing services that change"
34,"voltaivoltais mission rebuild physical world developing superintelligence accelerate pace hardware innovation focus build frontier models that could understand one worlds complex technologies semiconductor electronicsabout rolewere looking for machine learning research engineer thinks crazy ideas thrives on dopamine thrives on bursts of dopamine come startup responsibilities as machine learning research engineer ultimate goal build AI systems deeply understand how to solve complex problems in the semiconductor electronics domains serving customers. Our mission is to rebuild physical worlds by building superintelligence, speeding up data acquisition and analytics",AI models for electronics
35,"evenup is one of the fastest growing generative AI startups in the world. Our products empower law firms to secure faster settlements, higher payouts and better outcomes for victims of motor vehicle accidents and child abuse cases. Evenup is one of the fastest growing generative AI startups in the world.","EvenUp's vision is to help these injury victims get the justice they deserve, irrespective of their income, demographics, or legal representation."
36,". is a direct sourcing agency on behalf of toyota currently hiring machine learning engineer role temporary onsite assignment plano txthis position month assignment potential extend pay range role hr benefits medical dental vision ktitle machine learning engineer role monthly assignment plano txThis position is an opportunity to expand your pay range and grow your business by providing you with the best possible compensation, benefits and benefits. Our mission is to transform critical data science models into modern cloud-based solutions using python. We are seeking skilled","At Toyota, we’re known for making some of the highest quality vehicles on the road. But there is more to our story. We believe in putting people first and creating opportunities for our team members to build careers as unique as they are"
37,"xpeng is the world's leading smart technology company, integrating advanced AI and autonomous driving technologies into vehicles including electric vehicles, vertical takeoff landing robots and aircraft robotics. Our mission is to redefine transportation with cuttingedge AI and machine learning. We are committed to building intelligent mobility solutions that empower people to drive faster and more efficiently. We build connected cars using AI and artificial intelligence (AI) to improve safety and reduce emissions. With our focus on autonomous driving, we help drivers make better decisions by automating their journeys.","XPENG is a leading electric vehicle company headquartered in Guangzhou, China with offices in the US and Europe. The company is committed to driving the transformation of smart EVs through technology and shaping the mobility experience of the"
38,"craftcraft is the world's leading supplier risk intelligence platform enabling enterprises to discover, evaluate and continuously monitor suppliers scale. Our proprietary data platform tracks realtime signals from millions of companies across the globe. We deliver best-in-class monitoring insights that enable businesses to discover, evaluate and monitor suppliers at scale. Craftcraft is the world's leading supplier risk intelligence platform enabling enterprises to discover, evaluate and continuously monitor suppliers and scale. Our unique proprietary data platform tracks realtime signals from millions of companies around the world. Our customers include fortune companies government agencies","Craft is the intelligent supply chain resilience platform that enables organizations to make smarter supplier decisions, protect against disruptions; and optimize supply chain strategies. We empower businesses to strengthen their supplier networks and supply chains with the industry's most trusted and"
39,north public cloud home b annual technology spend yet still managed credit cards spreadsheets ai accelerating cloud growth towards businesses needing better tools to manage scale cloud investments. North building nextgeneration cloud spend management platform giving companies clarity control and automation cloud finances mission helps organizations take charge of cloud costs and maximize efficiency.,"North is a financial automation platform that helps companies reduce Cloud spend. Leverage automation to create healthy cloud financial operations such as cost allocation, alerting, budgeting & cost governance, with no manual work. Discover how North can streamline"
40,": tiktok is the world's leading destination for short-form video. Our platform is built to help imaginations thrive. This is doubly true of the teams that make TikTok possible. Our employees lead with curiosity and curiosity, our mission is to inspire creativity and bring joy. We are committed to helping imaginations thrive. That's doubly true of the teams that make TikTok possible. Our employees work hard to achieve their goals. Our employees live in an environment where they can connect with people who share stories","TikTok is the world's leading destination for short-form video. Our platform is built to help imaginations thrive. This is doubly true of the teams that make TikTok possible. Our employees lead with curiosity,"
41,s mission to build safe agi accelerates humanitys progress. Magics mission is to accelerate human progress by automating research code generation and improving models to solve alignment reliably. Magics approach combines frontierscale pretraining domainspecific rl with ultralong context inferencetime compute to achieve goal. Magics team builds safe agi that accelerates humanitys progress. Magics mission is to accelerate the worlds important problems. Magics mission is to help people find their way forward. Magics mission is to make safe agi faster than ever before,"Magic is working on frontier-scale code models to build a coworker, not just a copilot. Come join us: http://magic.dev"
42,"we are a global leader in AI software development tools. Our proprietary language models and algorithms allow us to deliver the best user experience possible. We build AI superpowers by building AI superpowers that empower developers around the world. We have become the world's leading AI developer tools space year after year, giving hundreds of thousands of users around the world code autocomplete ineditor chat assistants and more. Our proprietary language models enable us to provide the best user experience possible. We work hard to make sure you get the best value for your money.","At Codeium, we're rewriting the future of software development. As the creators of Windsurf, the first agentic IDE, we're using cutting-edge AI to build the modern coding superpower."
43,"lyft is the world's leading ride-sharing platform. We help connect start communities by creating open, inclusive and diverse organizations. With over half billion rides counting, we solve hard problems using domain lot data creative solutions that map fraud, trust amp safety beyond traditional approaches. We build nextgeneration platforms to improve peoples lives through lowcost ultraimmerive transportation. Our mission is to serve connect start communities by connecting people with one place: Lyft.","Whether it’s an everyday commute or a journey that changes everything, Lyft is driven by our purpose: to serve and connect. In 2012, Lyft was founded as one of the first ridesharing communities in the United"
44,johnson amp health everything strength we believe healthcare innovation empowers us to build world complex diseases prevented treated cured treatments smarter less invasive solutions personalized expertise innovative medicine uniquely positioned to deliver breakthroughs today deliver breakthroughs tomorrow profoundly impact health humanity Learn functiondata analytics amp computational sciencesall job posting locationsbeerse antwerp belgium spring house pennsylvania united states america toledo spain is one of the leading global providers of medical technology. Our mission is to help people prevent and treat disease,"At Johnson & Johnson, we believe health is everything. As a focused healthcare company, with expertise in Innovative Medicine and MedTech, we’re empowered to tackle the world’s toughest health challenges, innovate through science and technology,"
45,"We are redefining battery storage to unlock gigawatts of untapped energy storage capacity enabling grid run clean energy wind solar learn hereour workcompanywriting code cleaner gridprogress is growing faster than ever before. We’re the world’s biggest problem: climate change, we’re solving the world’s biggest problem: getting grid run clean energy by harnessing machine learning to solve the world’s biggest problem—climate change. We’re changing battery storage to unlock gigawatts of untapped energy storage capacity—unlocking renewable energy","Founded in 2022, Keeling Labs was started as a place to develop and apply machine learning to solve the world's biggest problem—climate change. Our current priority is getting the grid to run on 100% clean energy"
46,": tiktok is the world's leading destination for short-form video. Our platform is built to help imaginations thrive. This is doubly true of the teams that make TikTok possible. Our employees lead with curiosity and curiosity, our mission is to inspire creativity and bring joy. We are committed to helping imaginations thrive. That's doubly true of the teams that make TikTok possible. Our employees work hard to achieve their goals. Our employees live in an environment where they can connect with people who share stories","TikTok is the world's leading destination for short-form video. Our platform is built to help imaginations thrive. This is doubly true of the teams that make TikTok possible. Our employees lead with curiosity,"
47,": masters degree in data science mathematics computer science engineering information systems related stem fields. Master's degree in data science mathematics, computer science engineering and information systems related stem fields.","At American Express, we know that with the right backing, people and businesses have the power to progress in incredible ways. Whether we’re supporting our customers’ financial confidence to move ahead, taking commerce to new heights, or encouraging people"
48,Bringing people together fulfill gametimes mission of uniting world shared experiences to make it easy for people to discover live experiences that matter most. Our platform is built to help people cross today's digital divide by connecting people with one-in-a-lifetime moment. We are committed to helping people cross the digital divide and find access to live experiences that matter most.,"Gametime sells last-minute tickets to the most popular events in sports, music, and theater in more than 50 cities across the U.S. and Canada. We’re passionate about enabling incredible shared experiences, so we build technology"
49,model based on performance metrics. Models develop experiments generate data training example datasets unavailable generate reports visualizations provide insight to customers partner subject matter experts translate manual data analysis into automated analytics.,"Omm IT Solutions (Omm) is a Columbia, Maryland based 8(a) certified Women Owned Small Business (WOSB), providing Information Technology (IT) consulting and contracting services on Federal, State government and"
50,Bitgo is the world's leading infrastructure provider of digital asset solutions delivering custody wallets staking trading financing settlement services regulated cold storage since founding focused on enabling clients to securely navigate digital asset space. Bitgo serves thousands of institutions including many industry top brands exchanges platforms millions of retail investors worldwide operational backbone digital economy Bitgo handles significant portion of bitcoin network transactions.,"BitGo is the leading infrastructure provider of digital asset solutions, offering custody, wallets, staking, trading, financing and settlement out of regulated cold storage. Founded in 2013, BitGo is the first digital asset company to focus exclusively"
51,": netflix is one of the worlds leading entertainment services. With over a million paid memberships in over 100 countries enjoying TV series, films and games across a wide variety of genres and languages members play pause resume watching much want anytime anywhere change plans with machine learning. Artificial intelligence powers numerous aspects of the consumer experience including innovation, content discovery, personalization, and payment processing.","Netflix is one of the world's leading entertainment services, with over 300 million paid memberships in over 190 countries enjoying TV series, films and games across a wide variety of genres and languages. Members can play, pause and"
52,"is a digital advertising agency focused on video game entertainment technology communities. Our team of over 100 people are strong across the us, latam and european markets. Our employee turnover has historically been annually.","Liquid Advertising is an independent global full-service agency specializing in gaming clients and targeting the gaming demographic. Founded by industry veterans and staffed by the next generation of pioneers, we offer clients a rare partnership of perspective"
53,": tiktok is the world's leading destination for short-form video. Our products help imaginations thrive. This is doubly true of the teams that make innovations possible. Our employees lead with curiosity and curiosity, while our team members create content that inspires creativity and brings joy. We build experiences that help imaginations thrive. Our products are built to help imaginations thrive. That's doubly true of the teams that make innovation possible. Our employees work hard to achieve every day. Our headquarters in los angeles, singapore","TikTok is the world's leading destination for short-form video. Our platform is built to help imaginations thrive. This is doubly true of the teams that make TikTok possible. Our employees lead with curiosity,"
54,: Machine learning engineer applied llms years commercial aiml engineering experience requiredwe currently partner fastgrowing seedstage startup mission transform gtm cuttingedge ai agent product used by world's fastestgrowing companies like ripling docker drata etc. Our technology helps sales teams optimize data scale outreach and engage leads effectively drive revenue faster. Their AI-powered platform helps sales teams optimize data scale outreach and engage leads effectively.,We are a multi award-winning team that does talent solutions. We live for innovation and work with ambitious businesses that make the world a better and safer place.
55,"oxman is a hybrid design rampd company that fuses design technology biology invent multiscale products environments. Fusion disciplines within work opens previously impossible opportunities within domainallowing design to inspire science science and inspire designat oxman, we believe design also offers greatest opportunity to heal itwe propose naturecentric approach delivers design solutions natural world advancing humanity pursuit reject forms segregation instead call radical synergy.","Envision a future of complete synergy between Nature and humanity, where human-made and Nature-grown become indistinguishable. OXMAN is a new kind of company fusing design, technology, and"
56,", is the world's leading AI building platform. With over 1 million users amp k organizations collectively shared models, datasets amp k apps opensource libraries, hugging face is the fastest growing platform to build and share good AI. Our tools help users quickly understand and write code.",The AI community building the future.
57,": ml engineer is the world's top AI start up. With over 30 years of experience, aiml engineers are at the cutting edge of AI technology and software development. Our team has built a platform that helps users understand how to optimize their workflows and deliver high-quality audio experiences. We have an engineering background with a bachelor's degree in computer science.",
58,": tiktok is the world's leading destination for short-form video. Our platform is built to help imaginations thrive. This is doubly true of the teams that make TikTok possible. Our employees lead with curiosity, drive innovation and bring joy to our customers. Our employees are passionate about creating content that helps imaginations thrive. We believe in helping imaginations thrive. This is doubly true of the teams that make TikTok possible.","TikTok is the world's leading destination for short-form video. Our platform is built to help imaginations thrive. This is doubly true of the teams that make TikTok possible. Our employees lead with curiosity,"
59,is a new kind of crmit collaborative system founded by founders find understand serve customers faster anything itit captures every customer interaction generates performs followup actions answers questions gotomarket using knowledge obtained real time. Our team builds experiences core product developing powerful domainspecific ai outperforms generic llms to deliver the best value for our customers.,A new kind of CRM.
60,"e is the world's leading investment manager, private equity firm specializing in acquisition of transportation equipment and asset operating platforms. We are a leading investment manager, private equity firm specializing in asset management across rail, intermodal aviation and infrastructure sectors. We focus on real asset investing opportunities with cash yielding downside protection. Our team has deep longstanding relationships with financial institutions around the globe.","ITE Management L.P. is a privately held, SEC-registered, alternative investment firm focused on transportation infrastructure. We seek to generate stable risk-adjusted returns for investors through a highly diversified"
61,": tiktok is the world's leading destination for short-form video. Our platform is built to help imaginations thrive. This is doubly true of the teams that make TikTok possible. Our employees lead with curiosity, drive innovation and bring joy to our customers. Our employees are passionate about creating content that helps imaginations thrive. We believe in helping imaginations thrive. This is doubly true of the teams that make TikTok possible.","TikTok is the world's leading destination for short-form video. Our platform is built to help imaginations thrive. This is doubly true of the teams that make TikTok possible. Our employees lead with curiosity,"
62,"We are building foundation models entirely from scratch. We hire ml infrastructure engineers to build scale distributed model training systems that run across hundreds of gpus. Our team is an ambitious, technically rigorous ai research labs world based in San francisco, where we build foundation models entirely from scratch. We’re building the foundation models for our AI startups by building them on top-notch software and robotics teams. We’re building largescale distributed model training systems that power largescale distributed model training across thousands of gpus.","Uncovering alpha in Quant Talent. Evolve is a strategic talent partner to several of the highest performing hedge funds, investment banks and asset managers globally. We are their go to force multiplier for Quantitative and trade technology"
63,"we are a group of people united strong purpose. We love good food love planet protect reinvent food industry one delicious bite time elevating eat technology based plants. Our recipe is three super important components science and technology course disrupting talents work daily to create better futureat notcowe are a group of people united by a single purpose: To help people create food, we want to be part of an AI company that transforms the way people create food.","We are a Food-Tech that develop AI technology to create elevated food with unique tastes, functional &/or nutritional benefits. We also leverage our technology for external CPG clients to create market-winning product innovation, formulations and flavors"
64,"weyerhaeuser is the world's premier timber land forest products company. Weyerhaeuser is the world's premier timber land forest products company. Our core values drive every decision to ensure continue lead forestry industry sustainability practices and know sustainability is key to our success. Weyerhaeuser is committed to helping people grow forests, cultivate trees, and nurture trees. Weyerhaeuser is one of the world's leading timber land forest products companies. Weyerhaeuser is the world's premier timber land forest products","We manage forests and manufacture products that make the world a better place. We’re serious about safety, driven to achieve excellence, and proud of what we do. With multiple business lines in locations around the world, we offer a range"
65,": Datarobot empowers practitioners to deliver predictive generative AI enabling leaders to secure ai assets. Organizations around the world rely on datarobot to maximize their impact and minimize business risk. Our platform applications integrate core business processes, teams and processes to ensure that they can make sense of what’s happening in real-time.",DataRobot delivers the industry-leading AI applications and platform that maximize impact and minimize risk for your business.
66,": We are actively hiring principal machine learning engineerfull time positionrequired skillset and experience required yearsstrong expertise in machine learning amp ai supervised amp unsupervised learningproficiency in python, tensorflow sql and jupyter notebooks. Our mission is to empower our customers with the most advanced analytics tools available.","When you hire First Soft Solutions, you're hiring a strategic technology consulting partner committed to helping you meet your unique business and technology objectives on time, on budget and with an optimal experience. We apply the expertise of our global community of technology"
67,"is a global trading firm looking for experienced software engineers to build data pipelines large amounts of real time data engineer working dynamic team includes the brightest minds in quantitative trading. We are building systems with scratch python, building data pipelines and building data pipelines that can be used by anyone who wants to trade. We value talent innovation and autonomy. We look for people with strong academic performance years of experience building blockchain-based trading strategies. We want to help our clients grow their business faster than ever before. We are an AI consulting firm","Uncovering alpha in Quant Talent. Evolve is a strategic talent partner to several of the highest performing hedge funds, investment banks and asset managers globally. We are their go to force multiplier for Quantitative and trade technology"
68,"nike inc. is a software company that provides support applications including escalation system performance, production platforms perform systems analysis tuning ensure optimal operating systems response to multiuser applications. We are committed to helping companies meet consumer needs by providing the best possible solution for their customers. Our team works with businesses across the globe to deliver digital products that meet consumer needs.","NIKE, Inc. is a purpose-driven organization energized by a shared commitment to move the world forward through the power of sport. We champion diversity and amplify individual passions to bring inspiration and innovation to"
69,"ai inference engine to build high-performance systems that enable reliability and scale. Join our team of engineers who are passionate about AI, building the world's most powerful machine learning platform. Our mission is to help people make informed decisions faster and more efficient. We believe it’s important to be part of the future of AI. Join us today!","Together AI is a research-driven artificial intelligence company. We contribute leading open-source research, models, and datasets to advance the frontier of AI. Our decentralized cloud services empower developers and researchers at organizations of all sizes to train,"
70,": ml ops engineeraustin tx hybrid days onsite week fte contractor provide suitable personnel perform ml engineering roles with years of experience working with data science teams deploy scale models and operationalize complex machine learning models. We understand standard ml packages like scikit, learn vader sentiment pandas, and more.","Smart IT Frame stands as a leading NMSDC-certified IT Solutions and Servicing company, founded in 2012 with headquarters in Somerset, New Jersey. Our commitment to promoting Diversity, Equality, and Inclusion (DEI)"
71,"the syncsync team is a team of artists, engineers and scientists building foundation models to edit modify people video. We're founded by creators wavlip backed by legendary investors including yc google visionaries nat friedman and daniel gross who have raised millions of dollars in seed funding to evolve consume media. Our platform has scaled millions of revenue powers video translation and dialogue replacement workflows across thousands of editors and businesses around the world that begin building creative suites that give anyone photoshoplike","We’re a team of artists, engineers, and researchers building controllable AI video editing tools to unbound human creative potential. Our research team builds AI video models to understand and affect fine-grained, controllable edits"
72,": tiktok is the world's leading destination for short-form video. Our platform is built to help imaginations thrive. This is doubly true of the teams that make TikTok possible. Our employees lead with curiosity and curiosity, our mission is to inspire creativity and bring joy. We are committed to helping imaginations thrive. That's doubly true of the teams that make TikTok possible. Our employees work hard to achieve their goals. Our employees live in an environment where they can connect with people who share stories","TikTok is the world's leading destination for short-form video. Our platform is built to help imaginations thrive. This is doubly true of the teams that make TikTok possible. Our employees lead with curiosity,"
73,"lensa is the world's leading career site for job seekers. Our mission is to help people build products and services that revolutionize entire industries. We are a global leader in hiring professionals at every stage of their careers. We provide unparalleled opportunities for all stages of their careers, from start-ups to Fortune 500 companies. We work with clients across the globe, helping them find their dream jobs. Apply via lensa today!","What if we could take the search out of job search? This is the question Lensa has been answering since launching in San Francisco, California in August 2016. Using machine learning, we instantly provide companies with candidates and match professionals with positions"
74,"pathais is a leading pathology platform that promises substantial improvements in accuracy diagnosis efficacy treatment diseases like cancer leveraging modern approaches, machine learning and artificial intelligence track record success deploying AI algorithms to improve patient outcomes. Our mission is to improve patient outcomes by empowering patients with the most advanced pathology tools available on the market today. We are committed to improving patient outcomes through our AI-powered pathology platform. We leverage cutting edge technology to help diagnose and treat disease faster and more accurately. We have built an AI-powered pathology platform","PathAI's mission is to improve patient outcomes with AI-powered pathology. Our platform promises substantial improvements to the accuracy of diagnosis and the efficacy of treatment of diseases like cancer, leveraging modern approaches in machine learning. We are"
75,", makes stream workroku is the world's leading TV streaming platform. It connects the entire television ecosystem and empowers content publishers to build monetization capabilities that engage audiences across multiple disciplines. Our teamwork makes stream workroku is changing the way people watch television.","With the #1 platform for streaming television in the U.S., Roku wants to revolutionize the way the world watches TV. Our Roku-branded TVs, Roku TV models, Smart Home system, streaming players, audio equipment"
76,"enables real-time decision making increase efficiency and safety operations promote mission readiness protect environment impacts infrastructure failurerole glance. Dogecko robotics helps worlds important organizations ensure availability, reliability and sustainability critical infrastructure. We combine wallclimbing robots with industryleading sensors to provide customers with unparalleled visibility into their physical assets. Our AI powered data platform provides insights that help businesses make informed decisions about what is happening around them.","Gecko Robotics is the pioneer of AI + Robotics [AIR technology], transforming how the world builds, operates, and maintains its most critical infrastructure for a more reliable and sustainable future. Using fixed sensors and"
77,": tiktok is the world's leading destination for short-form video. Our platform is built to help imaginations thrive. This is doubly true of the teams that make TikTok possible. Our employees lead with curiosity and curiosity, our mission is to inspire creativity and bring joy. We are committed to helping imaginations thrive. That's doubly true of the teams that make TikTok possible. Our employees work hard to achieve their goals. Our employees live in an environment where they can connect with people who share stories","TikTok is the world's leading destination for short-form video. Our platform is built to help imaginations thrive. This is doubly true of the teams that make TikTok possible. Our employees lead with curiosity,"
78,"is transforming data into actionable intelligence that keeps pace with world events and learns. We harness power of commercial data to drive innovation deliver cuttingedge solutions pioneering in the geospatial industry. Our agentic AI platform accelerates speedtoanswer by providing powerful analytics, highcadence data feeds and expert machine teaming join us to transform data into actionable intelligence.","We’re a human-centric company known for our data-centric solutions. Our team is on a mission to share the data, techniques, and technology needed to bring the most complex security, risk, and intelligence questions within reach."
79,"transform world uses information enrich life micron technology to accelerate transformation. Micron Technology is the world leader in innovative memory storage solutions that accelerate transformation by enabling people to learn, communicate and advance faster. Everbuild maintains datasolution pipelines for business analytics, predictive analytics, and predictive analytics. We build custom software components that enable our customers to better understand how they interact with each other.","Micron is an industry leader in innovative memory and storage solutions transforming how the world uses information to enrich life for all. With a relentless focus on our customers, technology leadership, and manufacturing and operational excellence, Micron delivers a rich"
80,dashworks is an intelligent assistant designed to integrate workflow seamlessly connects work apps instantly answer workrelated questions generate content debug code and automate tasks. Dashworks is a cloud-based AI platform that helps you find documents like copilot work one click away.,Dashworks AI unlocks your company’s internal knowledge. Break down information silos and get accurate answers from all your work applications in seconds.
81,"We are a leading AI data team developing cutting edge AI solutions across enterprise. Our mission is to empower people with the power to make informed decisions through machine learning. With our deep knowledge of financial services, fortune Financial Services has built a world-class platform for predictive analytics and predictive modeling.","We are Parallel! Parallel is an international, award winning trusted staffing partner to clients across the United States, DACH, Benelux and Nordic regions, where we deliver comprehensive Recruitment services across Infrastructure, Analytics, Software engineering and IT Security."
82,"adobes is changing the way we interact with customers across every screen. We empower everyone from emerging artists to global brands to deliver exceptional digital experiences passionately empowering people to create beautiful, powerful images and videos that transform lives across every screen. We are committed to creating exceptional employee experiences that give everyone access to equal opportunity. Our mission is to provide exceptional digital experiences for everyone from emerging artists to global brands. Adobes gives everyone from emerging artists to global brands everything they need design delivers exceptional digital experiences passionately empowering people to create beautiful","Adobe is the global leader in digital media and digital marketing solutions. Our creative, marketing and document solutions empower everyone – from emerging artists to global brands – to bring digital creations to life and deliver immersive, compelling experiences to the right person"
83,"quora is a global knowledge sharing platform that brings people together to share insights, share insights, and connect others. Quoraqora is the world's leading remote-first company providing remote work performed remotely in multiple countries around the world. Please visit careersquoracomeligiblecountries for details regarding employment eligibility country. Our mission is to grow and share worlds knowledge through two knowledge sharing products. We bring people together to share insights, share insights, and learn from each other. Our platform provides millions of users one place chat","The vast majority of human knowledge is still not on the internet. Most of it is trapped in the form of experience in people’s heads, or buried in books and papers that only experts can access. Our mission is to share and grow"
84,": tiktok is the world's leading destination for short-form video. Our platform is built to help imaginations thrive. This is doubly true of the teams that make TikTok possible. Our employees lead with curiosity, and our mission is to inspire creativity and bring joy. We are committed to helping imaginations thrive. This is doubly true of the teams that make TikTok possible. Our employees work hard to achieve every day.","TikTok is the world's leading destination for short-form video. Our platform is built to help imaginations thrive. This is doubly true of the teams that make TikTok possible. Our employees lead with curiosity,"
85,": cvs health is building world health around every consumer and surrounding dedicated colleagues passionate about transforming health careas nations leading health solutions company reach millions of americans local presence digital channels purposedriven colleagues caring people choose way uniquely connected and convenient compassionate heart every day. Our mission is to build world health around every consumer, around every consumer, around every consumer, around every consumer, around every consumer, around every consumer, around every consumer with dedicated employees passionate about transforming health careas nations leading health solutions company reach millions of consumers nationwide through our platform's mission is to transform health care","CVS Health is the leading health solutions company, delivering care like no one else can. We reach more people and improve the health of communities across America through our local presence, digital channels and over 300,000 dedicated colleagues – including more"
86,"We are a public benefit corporation building first ai platforms focused on needs enterprise customers using approach. Our team is kind, innovative and collaborative individuals focused on building enterprise ai solutions organization passionate about building people from diverse backgrounds to build the world's most powerful AI platform. We leverage world-class large language model to build first ai systems directly support needs enterprise customers using approach. We focus on building intelligent conversational chatbots that can be used by anyone with an open mind. We have built a global community of over 100 million",Inflection AI is a public benefit corporation leveraging our world class large language model to build the first AI platform focused on the needs of the enterprise. Inflection AI was re-founded in March of 2024 and our leadership
87,"genai engineering team plays critical role shaping future zoom ai products working closely with experienced researchers and engineers to deliver cutting-edge solutions that empower people to communicate, collaborate and collaborate. We are committed to revolutionizing the way people communicate, collaborate and collaborate. Our vision is to improve the way people communicate, collaborate and collaborate.","Bring teams together, reimagine workspaces, engage new audiences, and delight your customers –– all on the Zoom AI-first work platform you know and love.  Zoomies help people stay connected so they can get more"
88,"you seat table define falconer's technical direction culture and responsibilities. We help shape product development from architecture to deployment, testing and deployment. We build AI-powered knowledge platforms that empower engineers to create access and share knowledge. Our mission is to transform the way engineers create access and share knowledge.","Create, find, and maintain trustworthy knowledge in one AI-powered platform."
89,": tiktok is the world's leading destination for short-form video. Our products help imaginations thrive. This is doubly true of the teams that make innovations possible. Our employees lead with curiosity and curiosity, our mission is to inspire creativity and bring joy. Our products are built to help imaginations thrive. Our team makes innovation possible.","TikTok is the world's leading destination for short-form video. Our platform is built to help imaginations thrive. This is doubly true of the teams that make TikTok possible. Our employees lead with curiosity,"
90,are through partnership-based approach coterie helps insurance professionals unlock untapped revenue small commercial space. Our innovative quoting platform delivers accurate pricing and bindable quotes less than one minute. We build foster worldclass team bring speed simplicity service commercial insurance value integrity Humility Passion Intelligence Want to push reshaped the insurance market excited to talk youWhat is our mission to empower insurance professionals to unlock untapped revenue by unlocking untapped revenue in small business insurance,"Coterie Insurance puts insurance agents and brokers first, delivering instant business insurance across the United States. Coterie uses a partnership-based approach to help insurance professionals unlock untapped revenue in the small commercial space. With an innovative quoting"
91,": tiktok is the world's leading destination for short-form video. Our platform is built to help imaginations thrive. This is doubly true of the teams that make TikTok possible. Our employees lead with curiosity and curiosity, our mission is to inspire creativity and bring joy. We are committed to helping imaginations thrive. That's doubly true of the teams that make TikTok possible. Our employees work hard to achieve their goals. Our employees live in an environment where they can connect with people who share stories","TikTok is the world's leading destination for short-form video. Our platform is built to help imaginations thrive. This is doubly true of the teams that make TikTok possible. Our employees lead with curiosity,"
92,"we are a leader in innovation, leveraging advanced technologies to drive business success. Our mission is to build intelligent systems that enhance products and services by leveraging advanced technologies. We leverage the most advanced technologies to drive business success. Join our team of machine learning engineers to help us build intelligent systems that improve products and services.","Attractivate Consulting Solutions is a team of industry experts who understand the dynamic and critical role that technology has in driving business success. Specializing in IT Consulting, Staff Augmentation, Project Services, and Direct Hiring, our mission"
93,": is as data scientist level role pivotal python expertise that automates workflows and visualizations using jupyter notebooks to streamline processes by streamlining processes and creating insightful visualizations. Our mission is to help people make informed decisions through the use of predictive analytics, machine learning, and AI. We are committed to helping people make informed decisions with intuitive visualizations. This is where we can improve business outcomes.","Independent Software supports our customers by providing next-generation cyber services, intelligence and all-source analytics, machine learning, and mission application development. In addition to our service-based efforts, we also offer innovative IT and cyber products to solve our customers"
94,: title senior machine learning engineersalary location san francisco ca hybrid days onsitea wellfunded saas startup ai infrastructure space hiring machine learning engineer optimize scale gpu systems advanced model training inference company builds highperformance saas ai tools used millions of users integrated major consumer platforms.,"We aim to build exceptional teams in the tech space, focusing on two core engineering specialisms: Advanced Software Engineering and AI, ML, & Data Engineering. As a multi-award-winning global staffing specialist"
95,"ai systems designing robust ml infrastructure refining data pipelines enabling efficient workflows and reduce manual effort architect implement scalable training data pipelines to optimize workflows and reduce manual effort. Our AI-driven platform is built on the cloud, with an emphasis on providing high-level visibility into real-world experiences. We are committed to helping customers understand how to drive smarter, faster, more intelligently connected vehicles. We build predictive models that improve user experience by automating repetitive tasks.","Plus is a global AI-first autonomous trucking software company delivering safe autonomous trucks at scale. Headquartered in Silicon Valley with operations in the United States and Europe, Plus is named by Fast Company as one of the World'"
96,": tiktok is the world's leading destination for short-form video. Our platform is built to help imaginations thrive. This is doubly true of the teams that make TikTok possible. Our employees lead with curiosity and curiosity, our mission is to inspire creativity and bring joy. We are committed to helping imaginations thrive. That's doubly true of the teams that make TikTok possible. Our employees work hard to achieve their goals. Our employees live in an environment where they can connect with people who share stories","TikTok is the world's leading destination for short-form video. Our platform is built to help imaginations thrive. This is doubly true of the teams that make TikTok possible. Our employees lead with curiosity,"
97,"a data scientist is to build predictive models that can be used to predict future outcomes. This role will help you understand how complex data sets are structured and scaled to deliver actionable insights. The ideal candidate for this position is the person with the ability to leverage strong collaboration skills, ask right questions and find correct answers.",InterEx’s vision is to revolutionise the technical resource service market globally. We will do this by redefining the relationship between staffing service providers and customers. Our goal is to offer a comprehensive suite of solutions. InterEx
98,": tiktok is the world's leading destination for short-form video. Our platform is built to help imaginations thrive. This is doubly true of the teams that make TikTok possible. Our employees lead with curiosity, drive innovation and bring joy to our customers. Our employees are passionate about creating content that helps imaginations thrive. We believe in helping imaginations thrive. This is doubly true of the teams that make TikTok possible.","TikTok is the world's leading destination for short-form video. Our platform is built to help imaginations thrive. This is doubly true of the teams that make TikTok possible. Our employees lead with curiosity,"
99,is the world's leading compensation platform powered by the largest realtime compensation dataset earth gives confidence every compensation decisionwe partner with our customers to build worldclass teams. Join paveat pave vision simple unlock labor market built trustHow going get building a compensation platform powered by the largest realtime compensation dataset earth gives you confidence every compensation decisionWe help build worldclass teams by connecting people and creating meaningful relationships through technology. Join paveat pave vision simple unlock labor market built trust. Join pave at pave vision simple unlock labor market built trust,"Pave is a market-leading compensation management platform for the modern enterprise. Our powerful suite of real-time benchmarking data and compensation workflows ensure every total rewards decision you make delivers value for leaders, people managers, employees and candidates alike"
